question,response_id,response_raw,response_clean,tokens,token_count,tags
"Theo bạn, điều gì cần cải thiện nhất ở các công cụ CI/CD hiện nay tại Việt Nam?",1,Giới thiệu rộng rãi hơn,giới_thiệu rộng rãi hơn,giới_thiệu | rộng | rãi,3,khác
"Theo bạn, điều gì cần cải thiện nhất ở các công cụ CI/CD hiện nay tại Việt Nam?",2,Thêm môn học,thêm môn_học,môn_học,1,"chương trình học, kiến thức"
"Theo bạn, điều gì cần cải thiện nhất ở các công cụ CI/CD hiện nay tại Việt Nam?",3,Ko,ko,,0,khác
"Theo bạn, điều gì cần cải thiện nhất ở các công cụ CI/CD hiện nay tại Việt Nam?",4,Phổ biến đến các bạn sinh viên từ năm nhất,phổ_biến đến các bạn sinh_viên từ năm nhất,phổ_biến | đến | sinh_viên | năm,4,khác
"Theo bạn, điều gì cần cải thiện nhất ở các công cụ CI/CD hiện nay tại Việt Nam?",5,ko,ko,,0,khác
"Theo bạn, điều gì cần cải thiện nhất ở các công cụ CI/CD hiện nay tại Việt Nam?",6,"Để sinh viên học CI/CD hiệu quả hơn, việc giảng dạy nên tập trung nhiều vào thực hành thay vì chỉ lý thuyết. Sinh viên nên được làm các dự án nhỏ có tích hợp pipeline tự động như build, test và deploy khi push code. Ngoài ra, việc sử dụng các công cụ phổ biến trong thực tế như GitHub Actions, GitLab CI/CD hoặc Jenkins cũng giúp sinh viên dễ hình dung quy trình CI/CD trong môi trường phát triển phần mềm thực tế.",để sinh_viên học ci cd hiệu_quả hơn việc giảng_dạy nên tập trung nhiều vào thực_hành thay vì chỉ lý_thuyết sinh_viên nên được làm các dự_án nhỏ có tích_hợp pipeline tự_động như build test và deploy khi push code ngoài ra việc sử_dụng các công_cụ phổ_biến trong thực_tế như github actions gitlab ci cd hoặc jenkins cũng giúp sinh_viên dễ hình dung quy_trình ci cd trong môi_trường phát_triển_phần_mềm thực_tế,sinh_viên | học | ci | cd | hiệu_quả | việc | giảng_dạy | tập | trung | thực_hành | thay | lý_thuyết | sinh_viên | làm | dự_án | nhỏ | tích_hợp | pipeline | tự_động | build | test | deploy | push | code | ngoài | việc | sử_dụng | công_cụ | phổ_biến | thực_tế | github | actions | gitlab | ci | cd | jenkins | giúp | sinh_viên | dễ | hình | dung | quy_trình | ci | cd | môi_trường | phát_triển_phần_mềm | thực_tế,47,"thực hành, chương trình học, công cụ, kiến thức, dự án, tự động hóa"
"Theo bạn, điều gì cần cải thiện nhất ở các công cụ CI/CD hiện nay tại Việt Nam?",7,Sinh viên khó hình dung luồng đi của code. Cần sử dụng các sơ đồ luồng (Pipeline Visualization),sinh_viên khó hình dung luồng_đi của code cần sử_dụng các sơ_đồ luồng pipeline visualization,sinh_viên | khó | hình | dung | luồng_đi | code | sử_dụng | sơ_đồ | luồng | pipeline | visualization,11,"công cụ, tự động hóa"
"Theo bạn, điều gì cần cải thiện nhất ở các công cụ CI/CD hiện nay tại Việt Nam?",8,Các chương trình học chính nên dạy những kiến thức này trên trường,các chương_trình học chính nên dạy những kiến_thức này trên trường,chương_trình | học | chính | dạy | kiến_thức | trường,6,"chương trình học, kiến thức"
"Theo bạn, điều gì cần cải thiện nhất ở các công cụ CI/CD hiện nay tại Việt Nam?",9,dsfdsfds,dsfdsfds,dsfdsfds,1,khác
"Theo bạn, điều gì cần cải thiện nhất ở các công cụ CI/CD hiện nay tại Việt Nam?",10,nhi,nhi,nhi,1,khác
"Theo bạn, điều gì cần cải thiện nhất ở các công cụ CI/CD hiện nay tại Việt Nam?",11,"Nhà trường chưa có dạy đầy đủ về CI/CD, cần thêm vào chương trình học nếu nhà trường muốn sinh viên tiếp cận được CI/CD",nhà_trường chưa_có dạy đầy_đủ về ci cd cần thêm vào chương_trình học nếu nhà_trường muốn sinh_viên tiếp_cận được ci cd,nhà_trường | chưa_có | dạy | đầy_đủ | ci | cd | chương_trình | học | nhà_trường | muốn | sinh_viên | tiếp_cận | ci | cd,14,"chương trình học, kiến thức"
"Theo bạn, điều gì cần cải thiện nhất ở các công cụ CI/CD hiện nay tại Việt Nam?",12,Cần phải chủ động các biện pháp mới trong triển khai phần mềm để hiểu rõ luồng vqf quy trình qua đó dễ áp dụng luồng tự động,cần phải chủ_động các biện_pháp mới trong triển_khai phần_mềm để hiểu rõ luồng vqf quy_trình qua đó dễ áp_dụng luồng tự_động,chủ_động | biện_pháp | triển_khai | phần_mềm | hiểu | rõ | luồng | vqf | quy_trình | qua | dễ | áp_dụng | luồng | tự_động,14,"kiến thức, tự động hóa"
"Theo bạn, điều gì cần cải thiện nhất ở các công cụ CI/CD hiện nay tại Việt Nam?",13,Marketing,marketing,marketing,1,khác
"Theo bạn, điều gì cần cải thiện nhất ở các công cụ CI/CD hiện nay tại Việt Nam?",14,thực hành nhiều hơn,thực_hành nhiều hơn,thực_hành,1,thực hành
Bạn có đề xuất nào để thúc đẩy áp dụng CI/CD hiệu quả hơn?,1,Trao ffooir nhiều hơn,trao ffooir nhiều hơn,trao | ffooir,2,khác
Bạn có đề xuất nào để thúc đẩy áp dụng CI/CD hiệu quả hơn?,2,Ko,ko,,0,khác
Bạn có đề xuất nào để thúc đẩy áp dụng CI/CD hiệu quả hơn?,3,Không có,không có,,0,khác
Bạn có đề xuất nào để thúc đẩy áp dụng CI/CD hiệu quả hơn?,4,ko,ko,,0,khác
Bạn có đề xuất nào để thúc đẩy áp dụng CI/CD hiệu quả hơn?,5,"Các trường và giảng viên có thể hỗ trợ sinh viên bằng cách tích hợp CI/CD vào các môn lập trình hoặc dự án nhóm, yêu cầu sinh viên sử dụng hệ thống quản lý mã nguồn và thiết lập pipeline tự động cho project của mình. Ngoài ra, giảng viên có thể cung cấp repository mẫu, hướng dẫn cấu hình pipeline và tổ chức các buổi workshop hoặc seminar để sinh viên thực hành và hiểu rõ hơn về quy trình DevOps trong thực tế.",các trường và giảng_viên có thể hỗ trợ sinh_viên bằng cách tích_hợp ci cd vào các môn lập_trình hoặc dự_án nhóm yêu cầu sinh_viên sử_dụng hệ thống quản_lý mã_nguồn và thiết_lập pipeline tự_động cho project của mình ngoài ra giảng_viên có thể cung_cấp repository mẫu hướng dẫn cấu_hình pipeline và tổ_chức các buổi workshop hoặc seminar để sinh_viên thực_hành và hiểu rõ hơn về quy_trình devops trong thực_tế,trường | giảng_viên | thể | hỗ | trợ | sinh_viên | bằng | cách | tích_hợp | ci | cd | môn | lập_trình | dự_án | nhóm | yêu | cầu | sinh_viên | sử_dụng | hệ | thống | quản_lý | mã_nguồn | thiết_lập | pipeline | tự_động | project | mình | ngoài | giảng_viên | thể | cung_cấp | repository | mẫu | hướng | dẫn | cấu_hình | pipeline | tổ_chức | buổi | workshop | seminar | sinh_viên | thực_hành | hiểu | rõ | quy_trình | devops | thực_tế,49,"thực hành, chương trình học, tài liệu, công cụ, kiến thức, cộng đồng, dự án, tự động hóa"
Bạn có đề xuất nào để thúc đẩy áp dụng CI/CD hiệu quả hơn?,6,"Xây dựng Lab hướng dẫn, tổ chức Workshop",xây dựng lab hướng dẫn tổ_chức workshop,xây | dựng | lab | hướng | dẫn | tổ_chức | workshop,7,"thực hành, tài liệu, cộng đồng"
Bạn có đề xuất nào để thúc đẩy áp dụng CI/CD hiệu quả hơn?,7,Hướng dẫn sinh viên hiểu quy trình ban đầu nó như thế nào rồi mới dạy áp dụng CI/CD để tự động quy trình thì mọi người dễ hiểu hơn,hướng dẫn sinh_viên hiểu quy_trình ban đầu nó như thế nào rồi mới dạy áp_dụng ci cd để tự_động quy_trình thì mọi người dễ hiểu hơn,hướng | dẫn | sinh_viên | hiểu | quy_trình | ban | đầu | nó | thế | dạy | áp_dụng | ci | cd | tự_động | quy_trình | mọi | người | dễ | hiểu,19,"tài liệu, kiến thức, tự động hóa"
Bạn có đề xuất nào để thúc đẩy áp dụng CI/CD hiệu quả hơn?,8,fdsfdsfds,fdsfdsfds,fdsfdsfds,1,khác
Bạn có đề xuất nào để thúc đẩy áp dụng CI/CD hiệu quả hơn?,9,nhi,nhi,nhi,1,khác
Bạn có đề xuất nào để thúc đẩy áp dụng CI/CD hiệu quả hơn?,10,"Hiện tại các kiến thức về CI/CD đa phần là do sinh viên tự tìm hiểu, nhà trường cần tích hợp nhiều hơn vào trong các môn học",hiện tại các kiến_thức về ci cd đa phần là do sinh_viên tự_tìm_hiểu nhà_trường cần tích_hợp nhiều hơn vào trong các môn_học,hiện | kiến_thức | ci | cd | đa | phần | sinh_viên | tự_tìm_hiểu | nhà_trường | tích_hợp | môn_học,11,"chương trình học, kiến thức"
Bạn có đề xuất nào để thúc đẩy áp dụng CI/CD hiệu quả hơn?,11,Cần có 1 môn học riêng về network về devops và automation pipline,cần có môn_học riêng về network về devops và automation pipline,môn_học | riêng | network | devops | automation | pipline,6,"chương trình học, kiến thức, tự động hóa"
Bạn có đề xuất nào để thúc đẩy áp dụng CI/CD hiệu quả hơn?,12,Khong,khong,khong,1,khác
Bạn có đề xuất nào để thúc đẩy áp dụng CI/CD hiệu quả hơn?,13,cung cấp thêm học phần về CI/CD,cung_cấp thêm học_phần về ci cd,cung_cấp | học_phần | ci | cd,4,kiến thức
Những trang bị mà sinh viên cần để áp dụng CI/CD hiệu quả hơn là gì?,1,Thông tin,thông_tin,thông_tin,1,khác
Những trang bị mà sinh viên cần để áp dụng CI/CD hiệu quả hơn là gì?,2,Ko,ko,,0,khác
Những trang bị mà sinh viên cần để áp dụng CI/CD hiệu quả hơn là gì?,3,ko,ko,,0,khác
Những trang bị mà sinh viên cần để áp dụng CI/CD hiệu quả hơn là gì?,4,"Để áp dụng CI/CD hiệu quả, sinh viên cần có nền tảng tốt về quản lý mã nguồn với Git, biết viết test tự động và hiểu cách container hóa ứng dụng bằng Docker. Bên cạnh đó, kiến thức cơ bản về deployment và môi trường cloud cũng rất quan trọng để giúp sinh viên triển khai và vận hành pipeline CI/CD trong các dự án phần mềm thực tế.",để áp_dụng ci cd hiệu_quả sinh_viên cần có nền_tảng tốt về quản_lý mã_nguồn với git biết viết test tự_động và hiểu cách container hóa ứng dụng bằng docker bên cạnh đó kiến_thức cơ bản về deployment và môi_trường cloud cũng rất quan trọng để giúp sinh_viên triển_khai và vận hành pipeline ci cd trong các dự_án phần_mềm thực_tế,áp_dụng | ci | cd | hiệu_quả | sinh_viên | nền_tảng | tốt | quản_lý | mã_nguồn | git | biết | viết | test | tự_động | hiểu | cách | container | hóa | ứng | dụng | bằng | docker | bên | cạnh | kiến_thức | cơ | bản | deployment | môi_trường | cloud | quan | trọng | giúp | sinh_viên | triển_khai | vận | hành | pipeline | ci | cd | dự_án | phần_mềm | thực_tế,43,"thực hành, chương trình học, công cụ, kiến thức, dự án, tự động hóa"
Những trang bị mà sinh viên cần để áp dụng CI/CD hiệu quả hơn là gì?,5,"git, docker, viết automated testing, kĩ lăng tư duy",git docker viết automated testing kĩ lăng tư duy,git | docker | viết | automated | testing | kĩ | lăng | tư | duy,9,"công cụ, tự động hóa"
Những trang bị mà sinh viên cần để áp dụng CI/CD hiệu quả hơn là gì?,6,"kiến thức về cấu trúc, quy trình của sản phẩm, ...",kiến_thức về cấu trúc quy_trình của sản phẩm,kiến_thức | cấu | trúc | quy_trình | sản | phẩm,6,"kiến thức, dự án"
Những trang bị mà sinh viên cần để áp dụng CI/CD hiệu quả hơn là gì?,7,fsdfsđfsdf,fsdfsđfsdf,fsdfsđfsdf,1,khác
Những trang bị mà sinh viên cần để áp dụng CI/CD hiệu quả hơn là gì?,8,nhi,nhi,nhi,1,khác
Những trang bị mà sinh viên cần để áp dụng CI/CD hiệu quả hơn là gì?,9,Sinh viên cần học CI/CD là gì trước vì nhà trường đâu có dạy :))),sinh_viên cần học ci cd là gì trước vì nhà_trường đâu có dạy,sinh_viên | học | ci | cd | trước | nhà_trường | đâu | dạy,8,"chương trình học, kiến thức"
Những trang bị mà sinh viên cần để áp dụng CI/CD hiệu quả hơn là gì?,10,"Về network, server, devops",về network server devops,network | server | devops,3,khác
Những trang bị mà sinh viên cần để áp dụng CI/CD hiệu quả hơn là gì?,11,Tôi chưa rõ,tôi chưa rõ,chưa | rõ,2,khác
Những trang bị mà sinh viên cần để áp dụng CI/CD hiệu quả hơn là gì?,12,"docker, linux, git, githup",docker linux git githup,docker | linux | git | githup,4,công cụ
Bạn có dự định học hoặc áp dụng CI/CD trong thời gian tới không?,1,Chưa có kế hoạch áp dụng CI/CD,chưa_có kế_hoạch áp_dụng ci cd,chưa_có | kế_hoạch | áp_dụng | ci | cd,5,khác
Bạn có dự định học hoặc áp dụng CI/CD trong thời gian tới không?,2,Chưa có kế hoạch áp dụng CI/CD,chưa_có kế_hoạch áp_dụng ci cd,chưa_có | kế_hoạch | áp_dụng | ci | cd,5,khác
Bạn có dự định học hoặc áp dụng CI/CD trong thời gian tới không?,3,Có kế hoạch tìm hiểu và áp dụng trong thời gian tới,có kế_hoạch tìm_hiểu và áp_dụng trong thời_gian_tới,kế_hoạch | tìm_hiểu | áp_dụng | thời_gian_tới,4,kiến thức
"Theo bạn, rào cản lớn nhất khiến sinh viên chưa áp dụng CI/CD là gì?",1,"Thiếu kiến thức hoặc kỹ năng về CI/CD và DevOps, Ít cơ hội thực hành CI/CD trong các môn học tại trường",thiếu_kiến_thức hoặc kỹ_năng về ci cd và devops ít cơ_hội thực_hành ci cd trong các môn_học tại trường,thiếu_kiến_thức | kỹ_năng | ci | cd | devops | cơ_hội | thực_hành | ci | cd | môn_học | trường,11,"thực hành, chương trình học, kiến thức"
"Theo bạn, rào cản lớn nhất khiến sinh viên chưa áp dụng CI/CD là gì?",2,iu,iu,iu,1,khác
"Theo bạn, rào cản lớn nhất khiến sinh viên chưa áp dụng CI/CD là gì?",3,"Khó thiết lập và cấu hình các công cụ CI/CD, Thiếu môi trường thực hành (server, cloud, Docker, v.v.), Dự án học tập còn đơn giản nên chưa thấy cần CI/CD",khó thiết_lập và cấu_hình các công_cụ ci cd thiếu_môi_trường thực_hành server cloud docker v v dự_án học tập còn đơn_giản nên chưa thấy cần ci cd,khó | thiết_lập | cấu_hình | công_cụ | ci | cd | thiếu_môi_trường | thực_hành | server | cloud | docker | dự_án | học | tập | đơn_giản | chưa | thấy | ci | cd,19,"thực hành, chương trình học, công cụ, kiến thức, dự án"
Bạn mong đợi điều gì nhất nếu CI/CD được đưa vào học tập/dự án thực tế?,1,"Giảm bớt các công việc thủ công lặp đi lặp lại (build, test, deploy)",giảm_bớt các công_việc thủ_công lặp_đi_lặp_lại build test deploy,giảm_bớt | công_việc | thủ_công | lặp_đi_lặp_lại | build | test | deploy,7,tự động hóa
Bạn mong đợi điều gì nhất nếu CI/CD được đưa vào học tập/dự án thực tế?,2,"Giảm bớt các công việc thủ công lặp đi lặp lại (build, test, deploy), Phát hiện lỗi sớm hơn trong quá trình phát triển phần mềm., Tăng tốc độ phát triển và cập nhật dự án.",giảm_bớt các công_việc thủ_công lặp_đi_lặp_lại build test deploy phát_hiện_lỗi sớm hơn trong quá_trình phát_triển_phần_mềm tăng tốc_độ phát_triển và cập nhật dự_án,giảm_bớt | công_việc | thủ_công | lặp_đi_lặp_lại | build | test | deploy | phát_hiện_lỗi | sớm | quá_trình | phát_triển_phần_mềm | tăng | tốc_độ | phát_triển | cập | nhật | dự_án,17,"dự án, tự động hóa"
